,Word,Dominant Perceptual,Exclusivity Perceptual,Strength Perceptual
0,unpleasant_JJ,Interoceptive,0.136929461,3.588235294
1,be_VB,Interoceptive,0.111842105,2.029411765
2,use_VB,Haptic,0.18390804600000002,2.777777778
3,test_NN,Visual,0.308823529,3.1875
4,other_JJ,Visual,0.270967742,2.5714285709999998
5,would_MD,Auditory,0.4,1.294117647
6,touch_NN,Haptic,0.52,4.875
7,vision_NN,Visual,0.5928571429999999,4.736842105
8,taste_NN,Gustatory,0.428571429,4.647058824
9,blood_NN,Visual,0.330434783,4.1578947369999995
10,strongly_RB,Visual,0.24770642199999998,2.266666667
11,attract_VB,Visual,0.263157895,2.894736842
12,poor_JJ,Visual,0.439252336,2.9444444439999997
13,loss_NN,Interoceptive,0.35897435899999997,3.111111111
14,cooking_NN,Gustatory,0.136470588,4.476190476
15,smoke_NN,Olfactory,0.372384937,4.380952381
16,avoid_VB,Visual,0.226993865,2.666666667
17,have_VB,Visual,0.239263804,2.45
18,sweet_JJ,Gustatory,0.45731707299999996,4.1
19,least_JJ,Visual,0.402173913,2.277777778
20,scent_NN,Olfactory,0.671641791,4.6
21,actually_RB,Visual,0.289855072,1.1
22,touch_VB,Haptic,0.52,4.875
23,so_RB,Auditory,0.396825397,1.6470588240000001
24,much_JJ,Visual,0.26950354600000004,3.0625
25,fluid_NN,Visual,0.212,3.9444444439999997
26,heat_NN,Haptic,0.358024691,4.0625
27,good_JJ,Visual,0.078838174,3.0
28,food_NN,Gustatory,0.166212534,4.578947368
29,look_VB,Visual,0.9870129870000001,4.222222222
30,strong_JJ,Visual,0.247474747,2.947368421
31,special_JJ,Interoceptive,0.22159090899999997,2.894736842
32,feel_VB,Haptic,0.32673267300000003,4.705882353
33,use_NN,Haptic,0.18390804600000002,2.777777778
34,help_VB,Visual,0.28627451,3.1538461539999996
35,sound_NN,Auditory,0.7522123890000001,5.0
36,hear_VB,Auditory,0.8736842109999999,4.6111111110000005
37,see_VB,Visual,0.927835052,5.0
38,might_MD,Interoceptive,0.310606061,2.157894737
39,odor_NN,Olfactory,0.51744186,4.65
40,know_VB,Interoceptive,0.40952381,2.7058823530000002
41,clothes_NN,Visual,0.397379913,4.55
42,more_JJ,Visual,0.240506329,3.0588235289999997
43,bad_JJ,Visual,0.136752137,2.7
44,pungent_JJ,Olfactory,0.497076023,4.684210526
45,hang_VB,Visual,0.423076923,3.894736842
46,love_VB,Interoceptive,0.264,4.3888888889999995
47,flower_NN,Olfactory,0.284615385,4.3888888889999995
48,disturbance_NN,Auditory,0.297413793,3.789473684
49,sense_NN,Interoceptive,0.055172414,3.625
50,name_NN,Visual,0.484848485,3.2
51,suggest_VB,Auditory,0.720588235,3.0625
52,guy_NN,Visual,0.322164948,4.333333333
53,fill_VB,Visual,0.347826087,4.0
54,sea_NN,Visual,0.197841727,4.0
55,start_VB,Visual,0.34042553200000003,3.6
56,do_VB,Interoceptive,0.193877551,2.47826087
57,too_RB,Auditory,0.34939759,1.684210526
58,not_RB,Auditory,0.195348837,1.5641025640000001
59,can_MD,Visual,0.359223301,3.666666667
60,chocolate_NN,Gustatory,0.25357142899999996,4.555555556
61,very_RB,Auditory,0.235294118,1.529411765
62,just_RB,Visual,0.36283185799999995,2.05
63,funny_JJ,Auditory,0.289915966,4.1
64,say_VB,Auditory,0.5251798560000001,3.9
65,fine_JJ,Interoceptive,0.224358974,2.368421053
66,slightly_RB,Visual,0.158730159,1.6666666669999999
67,nice_JJ,Visual,0.19496855300000002,2.529411765
68,plastic_NN,Visual,0.34583333299999997,4.526315789
69,different_JJ,Visual,0.21551724100000003,3.428571429
70,little_JJ,Visual,0.46835443,4.277777778
71,may_MD,Visual,0.308900524,2.03030303
72,fresh_JJ,Gustatory,0.209219858,4.176470588
73,hot_JJ,Haptic,0.30256410300000003,4.117647058999999
74,rotten_JJ,Visual,0.30737704899999996,4.333333333
75,egg_NN,Gustatory,0.256302521,4.0625
76,hydrogen_NN,Visual,0.290322581,0.5555555560000001
77,gas_NN,Olfactory,0.416184971,3.619047619
78,lose_VB,Visual,0.382608696,2.444444444
79,alcohol_NN,Gustatory,0.253787879,4.166666667
80,first_JJ,Visual,0.41228070200000005,3.1875
81,go_VB,Visual,0.24832214800000002,2.421052632
82,away_RB,Visual,0.385365854,2.59375
83,sensory_JJ,Visual,0.038011696,3.764705882
84,disorder_NN,Visual,0.471544715,3.625
85,find_VB,Visual,0.41549295799999997,3.4444444439999997
86,paper_NN,Visual,0.363636364,4.315789474
87,many_JJ,Visual,0.37837837799999996,3.619047619
88,cause_VB,Visual,0.505617978,2.5
89,leave_VB,Visual,0.408695652,2.6
90,flesh_NN,Haptic,0.217877095,4.038461538
91,nasal_JJ,Auditory,0.288343558,2.526315789
92,then_RB,Interoceptive,0.267857143,1.0555555559999998
93,occur_VB,Visual,0.284552846,2.75
94,quite_RB,Auditory,0.409090909,1.8
95,work_VB,Visual,0.256684492,3.5625
96,hair_NN,Visual,0.375,4.3888888889999995
97,cold_JJ,Haptic,0.336448598,4.1052631580000005
98,color_NN,Visual,0.859903382,4.944444444
99,thing_NN,Visual,0.132890365,3.6
100,get_VB,Visual,0.24427480899999998,2.470588235
101,water_NN,Visual,0.228228228,4.19047619
102,stuff_NN,Visual,0.23671497600000002,3.421052632
103,sort_NN,Visual,0.533898305,4.0625
104,complain_VB,Auditory,0.6124031010000001,3.95
105,fish_NN,Visual,0.284090909,4.470588235
106,night_NN,Visual,0.489655172,4.75
107,way_NN,Visual,0.41176470600000004,4.0
108,decay_VB,Visual,0.248780488,4.0625
109,clean_JJ,Visual,0.367346939,4.6875
110,fragrance_NN,Olfactory,0.796116505,4.823529412
111,hand_NN,Visual,0.41206030200000004,4.25
112,must_MD,Interoceptive,0.275862069,1.368421053
113,strange_JJ,Interoceptive,0.17412935300000001,2.789473684
114,sharp_JJ,Haptic,0.34262948200000004,4.476190476
115,gunpowder_NN,Visual,0.269230769,3.7058823530000002
116,ever_RB,Visual,0.26,1.0
117,wonderful_JJ,Interoceptive,0.111486486,3.789473684
118,come_VB,Visual,0.5187969920000001,2.464285714
119,work_NN,Visual,0.256684492,3.5625
120,make_VB,Visual,0.165938865,3.388888889
121,most_JJ,Visual,0.30172413800000003,3.071428571
122,ear_NN,Visual,0.330097087,3.833333333
123,indicate_VB,Visual,0.33870967700000004,2.611111111
124,room_NN,Visual,0.49685534600000003,3.95
125,will_MD,Visual,0.280898876,2.5714285709999998
126,candle_NN,Visual,0.4,4.647058824
127,really_RB,Auditory,0.23636363600000002,1.842105263
128,few_JJ,Visual,0.513513514,3.470588235
129,long_JJ,Visual,0.454545455,3.823529412
130,dog_NN,Visual,0.24113475199999998,4.5882352939999995
131,perhaps_RB,Auditory,0.28,1.333333333
132,yellow_JJ,Visual,0.757575758,4.5882352939999995
133,unusual_JJ,Visual,0.127868852,3.8
134,identify_VB,Visual,0.226277372,2.529411765
135,notice_VB,Visual,0.445595855,4.227272727
136,same_JJ,Visual,0.15899581599999998,3.333333333
137,cologne_NN,Olfactory,0.598214286,4.6
138,even_RB,Visual,0.588888889,2.9444444439999997
139,keep_VB,Visual,0.387096774,1.9
140,cat_NN,Visual,0.337121212,4.789473684
141,detect_VB,Visual,0.10725552099999999,3.842105263
142,could_MD,Interoceptive,0.288888889,1.6470588240000001
143,people_NN,Visual,0.21167883199999998,4.166666667
144,everyone_NN,Visual,0.45695364200000005,4.058823529
145,else_RB,Visual,0.419047619,2.75
146,example_NN,Visual,0.43181818200000005,3.277777778
147,remind_VB,Auditory,0.277027027,2.736842105
148,case_NN,Visual,0.528089888,2.9375
149,old_JJ,Visual,0.20089285699999998,3.35
150,dead_JJ,Visual,0.37037037,2.9444444439999997
151,permeate_VB,Visual,0.12413793099999999,2.4285714290000002
152,animal_NN,Visual,0.28571428600000004,4.555555556
153,sound_VB,Auditory,0.7522123890000001,5.0
154,light_JJ,Visual,0.7711864409999999,4.6
155,cool_JJ,Haptic,0.4625,3.571428571
156,offensive_JJ,Auditory,0.205,2.9444444439999997
157,great_JJ,Visual,0.23076923100000002,2.5
158,associate_VB,Visual,0.35757575799999997,3.047619048
159,long_RB,Visual,0.454545455,3.823529412
160,die_VB,Visual,0.366972477,2.5625
161,think_VB,Interoceptive,0.474137931,3.529411765
162,everything_NN,Visual,0.037333332999999996,4.057142857
163,incense_NN,Olfactory,0.48235294100000004,5.0
164,felt_VB,Haptic,0.503225806,4.210526316
165,taste_VB,Gustatory,0.428571429,4.647058824
166,distinctive_JJ,Visual,0.201219512,2.882352941
167,rich_JJ,Visual,0.226244344,3.526315789
168,sight_NN,Visual,0.785123967,5.0
169,day_NN,Visual,0.471698113,4.210526316
170,man_NN,Visual,0.165467626,4.058823529
171,like_VB,Interoceptive,0.170305677,3.142857143
172,always_RB,Visual,0.5166666670000001,1.8235294119999998
173,nose_NN,Visual,0.291970803,4.2380952380000005
174,full_JJ,Interoceptive,0.42222222200000004,4.210526316
175,bring_VB,Visual,0.29239766100000003,2.9
176,memory_NN,Interoceptive,0.365079365,2.842105263
177,change_VB,Visual,0.286384977,4.055555556
178,street_NN,Visual,0.47297297299999996,4.117647058999999
179,pretty_RB,Visual,0.632258065,5.0
180,much_RB,Visual,0.26950354600000004,3.0625
181,world_NN,Visual,0.086956522,4.2352941180000006
182,nothing_NN,Interoceptive,0.223880597,1.111111111
183,chemical_NN,Olfactory,0.263157895,3.0555555560000003
184,stench_NN,Olfactory,0.857142857,4.941176471
185,horrible_JJ,Visual,0.15486725699999998,2.85
186,time_NN,Interoceptive,0.446808511,2.333333333
187,dry_VB,Haptic,0.3,3.9
188,feeling_NN,Haptic,0.362745098,4.3888888889999995
189,call_VB,Auditory,0.6081081079999999,4.55
190,anything_NN,Auditory,0.072916667,3.210526316
191,up_RB,Visual,0.508196721,4.133333333
192,product_NN,Visual,0.260869565,4.5
193,type_NN,Visual,0.323024055,3.242424242
194,most_RB,Visual,0.30172413800000003,3.071428571
195,likely_JJ,Visual,0.302325581,1.764705882
196,breath_NN,Interoceptive,0.166951869,3.22372691
197,should_MD,Visual,0.172839506,1.3125
198,give_VB,Visual,0.444444444,3.5555555560000003
199,saw_VB,Visual,0.36815920399999996,4.3888888889999995
200,soup_NN,Gustatory,0.277591973,4.090909091
201,ask_VB,Auditory,0.622222222,3.733333333
202,also_RB,Visual,0.41666666700000005,1.111111111
203,include_VB,Visual,0.301587302,2.5
204,affect_VB,Visual,0.274390244,2.55
205,baked_JJ,Olfactory,0.237547893,4.058823529
206,present_JJ,Visual,0.406896552,3.5
207,rain_NN,Visual,0.238493724,4.0625
208,mind_NN,Interoceptive,0.314285714,3.55
209,foul_JJ,Visual,0.17826087,2.95
210,let_VB,Visual,0.341463415,1.764705882
211,brain_NN,Visual,0.376237624,2.388888889
212,often_RB,Interoceptive,0.36170212799999996,1.6818181819999998
213,green_JJ,Visual,0.848484848,4.473684211
214,definitely_RB,Visual,0.304347826,2.166666667
215,bread_NN,Gustatory,0.27457627100000004,4.421052632
216,new_JJ,Visual,0.118110236,3.9375
217,once_RB,Visual,0.381818182,1.095238095
218,again_RB,Visual,0.109090909,1.95
219,try_VB,Visual,0.314685315,2.5
220,normal_JJ,Visual,0.11458333300000001,2.75
221,follow_VB,Visual,0.495652174,3.8
222,meat_NN,Gustatory,0.27027027,4.6315789469999995
223,become_VB,Visual,0.384,2.888888889
224,rose_NN,Visual,0.32388664,4.473684211
225,put_VB,Visual,0.36842105299999994,3.176470588
226,home_NN,Visual,0.3375,4.0
227,well_RB,Interoceptive,0.37078651700000004,2.0
228,wine_NN,Gustatory,0.232954545,4.304347826
229,still_RB,Visual,0.30069930100000003,2.588235294
230,men_NN,Visual,0.366336634,4.647058824
231,vanilla_NN,Gustatory,0.392344498,4.555555556
232,student_NN,Visual,0.472440945,3.0
233,effect_NN,Visual,0.16346153800000002,2.8
234,due_JJ,Visual,0.307692308,2.411764706
235,delicious_JJ,Gustatory,0.276679842,4.5
236,excellent_JJ,Visual,0.140271493,3.333333333
237,only_RB,Visual,0.402777778,1.7777777780000001
238,wet_JJ,Haptic,0.266211604,4.5
239,nasty_JJ,Visual,0.128133705,3.913043478
240,feel_NN,Haptic,0.32673267300000003,4.705882353
241,texture_NN,Haptic,0.426966292,4.263157895
242,pleasant_JJ,Visual,0.074324324,3.588235294
243,chicken_NN,Gustatory,0.19938650300000002,4.0
244,alone_RB,Visual,0.411042945,3.578947368
245,longer_RB,Visual,0.45864661700000003,3.4444444439999997
246,stop_VB,Visual,0.459677419,3.5625
247,begin_VB,Visual,0.41463414600000004,2.0
248,change_NN,Visual,0.286384977,4.055555556
249,place_NN,Visual,0.335195531,3.5555555560000003
250,faint_JJ,Visual,0.408163265,3.0
251,somewhat_RB,Visual,0.27027027,1.625
252,salt_NN,Gustatory,0.331632653,4.5
253,there_RB,Visual,0.6,2.8125
254,bathroom_NN,Visual,0.42342342299999997,4.7
255,spice_NN,Gustatory,0.338028169,4.714285714
256,enough_RB,Visual,0.19871794899999998,2.444444444
257,mud_NN,Visual,0.44047619,4.0
258,something_NN,Visual,0.051383399,2.882352941
259,heavy_JJ,Haptic,0.404761905,3.3125
260,sense_VB,Interoceptive,0.055172414,3.625
261,evil_JJ,Visual,0.264550265,3.0
262,process_NN,Visual,0.38372093,1.789473684
263,hearing_NN,Auditory,0.745689655,4.6578947369999995
264,balance_NN,Visual,0.270833333,2.555555556
265,voice_NN,Auditory,0.47297297299999996,4.75
266,speech_NN,Auditory,0.576388889,4.15
267,perfume_NN,Olfactory,0.559210526,5.0
268,forget_VB,Interoceptive,0.5,3.888888889
269,believe_VB,Interoceptive,0.313559322,2.277777778
270,garden_NN,Visual,0.409836066,3.85
271,cigar_NN,Olfactory,0.236220472,3.736842105
272,person_NN,Visual,0.22543352600000002,4.454545455
273,usually_RB,Visual,0.20754717,1.8235294119999998
274,awful_JJ,Visual,0.140909091,2.722222222
275,lot_NN,Visual,0.296774194,3.470588235
276,less_JJ,Visual,0.303448276,3.176470588
277,now_RB,Interoceptive,0.16477272699999998,2.526315789
278,rot_VB,Visual,0.36082474200000003,4.0
279,plant_NN,Visual,0.262350937,4.2926829269999995
280,one_NN,Visual,0.357723577,3.0
281,whole_JJ,Visual,0.327044025,3.3243243239999996
282,orange_NN,Gustatory,0.278481013,4.058823529
283,vegetable_NN,Gustatory,0.278688525,4.176470588
284,best_JJ,Interoceptive,0.165680473,2.2
285,seem_VB,Visual,0.36046511600000003,2.058823529
286,slight_JJ,Visual,0.297297297,1.857142857
287,ammonia_NN,Olfactory,0.445026178,4.6
288,develop_VB,Visual,0.511363636,2.7058823530000002
289,ocean_NN,Visual,0.19434629,4.294117647
290,freshly_RB,Olfactory,0.181008902,2.59375
291,hay_NN,Visual,0.324324324,3.777777778
292,fragrant_JJ,Olfactory,0.795698925,4.933333333
293,small_JJ,Visual,0.5,3.833333333
294,keen_JJ,Visual,0.27777777800000003,2.529411765
295,leaf_NN,Visual,0.391891892,4.578947368
296,eye_NN,Visual,0.614814815,4.6111111110000005
297,coffee_NN,Gustatory,0.210355987,4.6111111110000005
298,open_VB,Visual,0.43511450399999996,3.411764706
299,mean_VB,Auditory,0.275132275,3.6470588239999997
300,wood_NN,Visual,0.365853659,4.263157895
301,metal_NN,Visual,0.367924528,4.421052632
302,music_NN,Auditory,0.612676056,4.833333333
303,finger_NN,Haptic,0.39473684200000003,4.1052631580000005
304,child_NN,Visual,0.34254143600000003,4.2
305,waft_VB,Olfactory,0.25974026,1.9166666669999999
306,house_NN,Visual,0.542253521,4.875
307,shop_NN,Visual,0.424242424,3.842105263
308,oil_NN,Visual,0.266115702,3.1034482760000004
309,enjoy_VB,Interoceptive,0.176470588,3.611111111
310,mildew_NN,Visual,0.487603306,3.277777778
311,manure_NN,Olfactory,0.409722222,3.588235294
312,eat_VB,Gustatory,0.210884354,4.526315789
313,emit_VB,Visual,0.36969697,3.421052632
314,bird_NN,Visual,0.361313869,4.12
315,spring_NN,Visual,0.375,4.0
316,warm_JJ,Haptic,0.373056995,3.714285714
317,cook_VB,Olfactory,0.187943262,4.25
318,consciousness_NN,Interoceptive,0.489959839,3.742857143
319,such_JJ,Auditory,0.473684211,1.8125
320,pine_VB,Visual,0.349056604,4.3888888889999995
321,create_VB,Visual,0.262857143,2.8
322,rise_VB,Visual,0.43243243200000003,2.9411764710000003
323,tree_NN,Visual,0.386956522,4.75
324,able_JJ,Interoceptive,0.264705882,3.066666667
325,human_JJ,Visual,0.25589225600000004,4.722222222
326,source_NN,Visual,0.30597014899999997,3.0
327,turn_VB,Visual,0.572649573,3.888888889
328,yet_RB,Auditory,0.268656716,1.294117647
329,more_RB,Visual,0.240506329,3.0588235289999997
330,never_RB,Interoceptive,0.326086957,2.1875
331,musty_JJ,Olfactory,0.554054054,4.25
332,terrible_JJ,Interoceptive,0.158208955,2.64516129
333,recall_VB,Interoceptive,0.279411765,2.588235294
334,burning_NN,Visual,0.18944099399999997,4.1578947369999995
335,miss_VB,Visual,0.333333333,2.55
336,earth_NN,Visual,0.3,4.333333333
337,soap_NN,Haptic,0.321428571,3.952380952
338,first_RB,Visual,0.41228070200000005,3.1875
339,problem_NN,Visual,0.385542169,3.611111111
340,as_RB,Auditory,0.31147541,1.294117647
341,noise_NN,Auditory,0.616883117,5.0
342,woman_NN,Visual,0.19682539699999999,4.722222222
343,fruity_NN,Gustatory,0.432258065,4.25
344,city_NN,Visual,0.24705882399999998,4.529411765
345,chlorine_NN,Olfactory,0.510948905,4.055555556
346,system_NN,Visual,0.504854369,3.5333333330000003
347,almost_RB,Visual,0.288135593,2.2941176469999998
348,back_RB,Visual,0.404651163,2.78125
349,stale_JJ,Gustatory,0.306603774,3.789473684
350,beer_NN,Gustatory,0.221864952,4.526315789
351,air_NN,Haptic,0.27710843399999996,2.789473684
352,linger_VB,Visual,0.34513274299999996,3.0625
353,approach_VB,Visual,0.314685315,2.9444444439999997
354,large_JJ,Visual,0.43292682899999996,3.894736842
355,flavor_NN,Gustatory,0.576208178,4.9375
356,smoky_JJ,Olfactory,0.374193548,3.8125
357,fire_NN,Visual,0.312302839,4.545454545
358,burn_VB,Visual,0.249070632,3.8
359,substance_NN,Visual,0.18410041800000002,3.421052632
360,distinct_JJ,Visual,0.252475248,4.117647058999999
361,garbage_NN,Visual,0.312,4.578947368
362,nostril_NN,Visual,0.40268456399999997,3.529411765
363,dirty_JJ,Visual,0.321888412,4.25
364,exhaust_NN,Visual,0.341614907,3.0555555560000003
365,breeze_NN,Haptic,0.3875,3.5
366,pass_VB,Visual,0.48117154799999995,3.457142857
367,contain_VB,Visual,0.433476395,3.272727273
368,right_NN,Visual,0.36111111100000004,2.833333333
369,particular_JJ,Visual,0.14728682199999998,2.125
370,apartment_NN,Visual,0.476821192,4.222222222
371,summer_NN,Visual,0.229007634,3.904761905
372,sun_NN,Visual,0.508196721,4.7
373,strawberry_NN,Gustatory,0.302405498,4.6315789469999995
374,white_JJ,Visual,0.929292929,4.6
375,opportunity_NN,Visual,0.345238095,1.875
376,take_VB,Haptic,0.401273885,3.421052632
377,next_JJ,Visual,0.43965517200000004,3.176470588
378,human_NN,Visual,0.25589225600000004,4.722222222
379,window_NN,Visual,0.557142857,4.705882353
380,apple_NN,Gustatory,0.288732394,4.833333333
381,hell_NN,Auditory,0.224637681,2.1875
382,overwhelming_JJ,Interoceptive,0.25,3.052631579
383,however_RB,Auditory,0.446153846,1.7777777780000001
384,certain_JJ,Interoceptive,0.318965517,2.625
385,grass_NN,Visual,0.314895578,4.411669064
386,red_JJ,Visual,0.705357143,4.555555556
387,fruit_NN,Gustatory,0.25239616600000003,4.6315789469999995
388,hold_VB,Haptic,0.486842105,4.352941176
389,glass_NN,Visual,0.441926346,4.210526316
390,local_JJ,Visual,0.443708609,3.0
391,leather_NN,Visual,0.35408560299999997,4.65
392,soil_NN,Visual,0.397727273,4.176470588
393,right_RB,Visual,0.36111111100000004,2.833333333
394,remove_VB,Visual,0.34513274299999996,2.625
395,dress_VB,Visual,0.5,4.352941176
396,wind_NN,Haptic,0.42446043200000005,3.6875
397,school_NN,Visual,0.3875,3.5
398,dust_NN,Visual,0.433566434,4.0625
399,sensation_NN,Interoceptive,0.21789883300000001,4.315789474
400,soft_JJ,Haptic,0.484848485,4.526315789
401,familiar_JJ,Visual,0.088235294,3.0
402,aroma_NN,Olfactory,0.815789474,4.8947368419999995
403,book_NN,Visual,0.46354166700000005,4.5
404,mile_NN,Visual,0.8969072159999999,2.485714286
405,fishy_JJ,Olfactory,0.36,3.823529412
406,report_VB,Auditory,0.45323741,3.7058823530000002
407,sometimes_RB,Auditory,0.270588235,1.4444444440000002
408,garlic_NN,Gustatory,0.290441176,4.823529412
409,physical_JJ,Visual,0.28481012699999997,3.125
410,acrid_JJ,Olfactory,0.452380952,3.416666667
411,similar_JJ,Visual,0.219895288,3.5
412,bitter_JJ,Gustatory,0.39634146299999995,4.25
413,rather_RB,Auditory,0.272727273,0.833333333
414,area_NN,Visual,0.672566372,3.619047619
415,natural_JJ,Visual,0.151750973,3.65
416,lobby_NN,Visual,0.485507246,3.777777778
417,odd_JJ,Visual,0.202531646,3.842105263
418,rat_NN,Visual,0.443037975,3.9444444439999997
419,sensitive_JJ,Interoceptive,0.318777293,3.8181818180000002
420,death_NN,Visual,0.358851675,3.571428571
421,tell_VB,Auditory,0.5204081629999999,2.842105263
422,forest_NN,Visual,0.376237624,4.277777778
423,someone_NN,Visual,0.302222222,3.842105263
424,shape_NN,Visual,0.5228758170000001,4.705882353
425,machine_NN,Visual,0.393518519,4.3
426,emanate_VB,Visual,0.46846846799999997,3.0588235289999997
427,corps_NN,Visual,0.62244898,4.066666667
428,noisy_JJ,Auditory,0.658786939,4.752296444
429,cheese_NN,Gustatory,0.305825243,3.9375
430,carry_VB,Haptic,0.433566434,3.047619048
431,lovely_JJ,Visual,0.175213675,3.047619048
432,damp_JJ,Haptic,0.40268456399999997,3.9375
433,thick_JJ,Haptic,0.41111111100000003,4.0
434,dirt_NN,Visual,0.33962264200000003,4.052631579
435,life_NN,Visual,0.06969697,3.35
436,open_JJ,Visual,0.43511450399999996,3.411764706
437,produce_VB,Visual,0.207373272,3.7906976739999996
438,stand_VB,Visual,0.46913580200000005,4.0
439,offer_VB,Auditory,0.37209302299999997,3.4375
440,mouth_NN,Visual,0.20588235300000002,2.947368421
441,decay_NN,Visual,0.248780488,4.0625
442,form_NN,Visual,0.456140351,3.702702703
443,tasting_NN,Gustatory,0.503267974,4.823529412
444,horse_NN,Visual,0.334801762,4.647058824
445,light_NN,Visual,0.7711864409999999,4.6
446,soon_RB,Interoceptive,0.363636364,1.941176471
447,tobacco_NN,Visual,0.21739130399999998,3.764705882
448,ability_NN,Interoceptive,0.33858267700000005,2.555555556
449,own_JJ,Visual,0.214814815,2.105263158
450,hide_VB,Visual,0.52173913,3.25
451,beautiful_JJ,Visual,0.37391304299999994,4.571428571
452,sour_JJ,Gustatory,0.43624161100000003,4.125
453,want_VB,Interoceptive,0.30069930100000003,3.375
454,listen_VB,Auditory,0.7222222220000001,4.55
455,rank_NN,Visual,0.536842105,2.6842105259999998
456,simply_RB,Interoceptive,0.22033898300000002,1.8333333330000001
457,ether_NN,Olfactory,0.27972028,2.6842105259999998
458,fuel_NN,Olfactory,0.428571429,3.15
459,kitchen_NN,Visual,0.36815920399999996,4.444444444
460,immediately_RB,Visual,0.581395349,1.470588235
461,distinguish_VB,Visual,0.214285714,3.421052632
462,mold_NN,Visual,0.470588235,3.823529412
463,wake_NN,Interoceptive,0.392045455,3.9444444439999997
464,morning_NN,Visual,0.373417722,3.588235294
465,brown_JJ,Visual,0.7414965990000001,4.384615385
466,kind_NN,Visual,0.33898305100000004,3.05
467,here_RB,Visual,0.408759124,3.333333333
468,spirit_NN,Interoceptive,0.446153846,2.761904762
469,enter_VB,Visual,0.484848485,3.722222222
470,restaurant_NN,Visual,0.24701195199999998,4.294117647
471,run_VB,Visual,0.382716049,3.5555555560000003
472,sniff_VB,Olfactory,0.308357349,3.257142857
473,burnt_JJ,Olfactory,0.241106719,4.166666667
474,tea_NN,Gustatory,0.267206478,4.647058824
475,cover_VB,Visual,0.456896552,3.212121212
476,body_NN,Visual,0.22039473699999998,4.315789474
477,aware_JJ,Interoceptive,0.18972332,3.238095238
478,mix_VB,Visual,0.408759124,3.111111111
479,paint_NN,Visual,0.402912621,4.35
480,arise_VB,Interoceptive,0.31578947399999996,1.864864865
481,rubber_NN,Haptic,0.32888888899999996,4.052631579
482,ground_NN,Visual,0.352657005,4.210526316
483,skin_NN,Haptic,0.36099585100000003,4.45
484,grow_VB,Visual,0.50877193,3.105263158
485,field_NN,Visual,0.446153846,4.333333333
486,highly_RB,Visual,0.291428571,2.857142857
487,already_RB,Visual,0.32799999999999996,2.526315789
488,increase_VB,Visual,0.402985075,2.9
489,down_RB,Visual,0.36241610700000004,3.277777778
490,powerful_JJ,Interoceptive,0.231527094,3.052631579
491,recognize_VB,Visual,0.14754098400000001,3.964285714
492,bag_NN,Visual,0.4,4.441176471
493,hall_NN,Visual,0.48245614,3.75
494,fear_NN,Interoceptive,0.49738219899999997,4.75
495,nature_NN,Visual,0.18965517199999998,4.5
496,note_VB,Visual,0.48837209299999995,3.7058823530000002
497,provide_VB,Visual,0.43956044,2.05
498,foot_NN,Visual,0.44,4.1052631580000005
499,catch_VB,Visual,0.450980392,4.058823529
500,part_NN,Visual,0.41304347799999996,3.5
501,urine_NN,Visual,0.243670886,4.1428571430000005
502,bit_NN,Visual,0.36574074100000004,2.677419355
503,money_NN,Visual,0.41489361700000005,4.333333333
504,wake_VB,Interoceptive,0.392045455,3.9444444439999997
505,close_RB,Visual,0.30516431899999996,3.842105263
506,fact_NN,Visual,0.369337979,3.166666667
507,teen_NN,Visual,0.41176470600000004,3.5
508,probably_RB,Interoceptive,0.23655914,1.368421053
509,characteristic_JJ,Visual,0.263157895,2.764705882
510,remember_VB,Interoceptive,0.24427480899999998,2.470588235
511,need_VB,Interoceptive,0.316091954,3.263157895
512,sex_NN,Interoceptive,0.125603865,4.65
513,face_NN,Visual,0.5,4.95
514,appearance_NN,Visual,0.7328244270000001,4.8
515,truck_NN,Visual,0.39285714299999996,4.277777778
516,floor_NN,Visual,0.42718446600000004,4.19047619
517,play_VB,Visual,0.275510204,3.75
518,cigarette_NN,Olfactory,0.211009174,4.421052632
519,thought_NN,Interoceptive,0.48854961799999996,3.35
520,moment_NN,Visual,0.235294118,1.588235294
521,shoe_NN,Visual,0.44134078200000004,4.3888888889999995
522,baby_NN,Visual,0.213157895,4.380952381
523,idea_NN,Auditory,0.340277778,2.888888889
524,image_NN,Visual,0.776978417,4.909090909
525,experience_NN,Visual,0.058479532,3.45
526,unique_JJ,Visual,0.184065934,3.0857142860000004
527,curry_VB,Gustatory,0.330543933,4.421052632
528,depend_VB,Visual,0.30526315800000003,1.8235294119999998
529,watch_VB,Visual,0.467391304,4.833333333
530,pot_NN,Visual,0.278606965,3.9444444439999997
531,milk_NN,Gustatory,0.265384615,4.666666667
532,especially_RB,Interoceptive,0.41176470600000004,1.105263158
533,response_NN,Auditory,0.3375,3.6470588239999997
534,building_NN,Visual,0.51744186,4.5
535,crisp_JJ,Haptic,0.21875,3.15
536,far_RB,Visual,0.5784313729999999,3.75
537,experience_VB,Visual,0.058479532,3.45
538,right_JJ,Visual,0.36111111100000004,2.833333333
539,smoke_VB,Olfactory,0.372384937,4.380952381
540,dry_JJ,Haptic,0.3,3.9
541,big_JJ,Visual,0.462585034,3.888888889
542,diesel_NN,Olfactory,0.36809816,4.333333333
543,roasted_JJ,Gustatory,0.255,3.166666667
544,sock_NN,Haptic,0.394444444,4.1111111110000005
545,real_JJ,Visual,0.039525692,4.181818182
546,sulfur_NN,Olfactory,0.476821192,4.277777778
547,maybe_RB,Auditory,0.333333333,2.263157895
548,breathe_VB,Interoceptive,0.296803653,3.8
549,mother_NN,Visual,0.30877193,4.1363636360000005
550,movement_NN,Visual,0.4,3.882352941
551,tactile_JJ,Haptic,0.363636364,3.3529411760000003
552,locate_VB,Visual,0.42138364799999994,3.789473684
553,mild_JJ,Gustatory,0.193717277,2.8
554,sleep_VB,Interoceptive,0.46835443,3.523809524
555,gasoline_NN,Olfactory,0.42564102600000003,4.15
556,everywhere_RB,Visual,0.484615385,3.9375
557,entice_VB,Visual,0.22292993600000002,2.368421053
558,marijuana_NN,Olfactory,0.24778761100000002,3.8125
559,sewer_NN,Olfactory,0.386255924,4.146341463
560,decrease_VB,Visual,0.35714285700000004,3.052631579
561,car_NN,Visual,0.35111111100000003,4.3888888889999995
562,corpse_NN,Visual,0.494186047,4.722222222
563,father_NN,Visual,0.33495145600000004,3.833333333
564,putrid_JJ,Olfactory,0.325,4.421052632
565,object_NN,Visual,0.284210526,3.823529412
566,base_VB,Visual,0.5307692310000001,3.5
567,drug_NN,Interoceptive,0.254658385,3.066666667
568,sweat_NN,Visual,0.331360947,3.5
569,happen_VB,Visual,0.536842105,2.833333333
570,dark_JJ,Visual,0.77092511,4.684210526
571,neighbor_NN,Visual,0.5,4.375
572,imagine_VB,Interoceptive,0.185929648,2.842105263
573,scene_NN,Visual,0.408866995,4.428571429
574,earthy_JJ,Visual,0.208737864,3.733333333
575,word_NN,Visual,0.5066666670000001,4.470588235
576,agreeable_JJ,Auditory,0.316129032,2.736842105
577,door_NN,Visual,0.5129870129999999,4.647058824
578,extremely_RB,Interoceptive,0.110619469,2.75
579,difference_NN,Visual,0.163934426,3.666666667
580,cinnamon_NN,Gustatory,0.36416185,4.333333333
581,cheap_JJ,Visual,0.396039604,2.8125
582,intoxicate_VB,Interoceptive,0.318181818,3.733333333
583,ripe_JJ,Visual,0.21799308,3.3181818180000002
584,allow_VB,Auditory,0.25,2.352941176
585,faintly_RB,Visual,0.283185841,2.0
586,laundry_NN,Visual,0.340807175,4.0
587,drift_VB,Visual,0.463917526,3.214285714
588,contact_NN,Haptic,0.331325301,3.866666667
589,jasmine_NN,Olfactory,0.31891891899999997,3.388888889
590,god_NN,Interoceptive,0.419354839,2.388888889
591,liquor_NN,Gustatory,0.274247492,4.944444444
592,walk_VB,Visual,0.38129496399999996,3.117647059
593,discharge_VB,Visual,0.348571429,3.578947368
594,officer_NN,Visual,0.551724138,4.0
595,tongue_NN,Visual,0.291139241,3.3636363639999995
596,receive_VB,Haptic,0.28176795600000004,2.52173913
597,impression_NN,Visual,0.283105023,3.7
598,cognizable_JJ,Visual,0.46428571399999996,2.8
