,Word,Dominant Perceptual,Exclusivity Perceptual,Strength Perceptual
0,acrid_JJ,Olfactory,0.452380952,3.416666667
1,musty_JJ,Olfactory,0.554054054,4.25
2,fishy_JJ,Olfactory,0.36,3.823529412
3,pungent_JJ,Olfactory,0.497076023,4.684210526
4,putrid_JJ,Olfactory,0.325,4.421052632
5,waft_VB,Olfactory,0.25974026,1.9166666669999999
6,cologne_NN,Olfactory,0.598214286,4.6
7,tasting_NN,Gustatory,0.503267974,4.823529412
8,fruity_NN,Gustatory,0.432258065,4.25
9,cognizable_JJ,Visual,0.46428571399999996,2.8
10,rotten_JJ,Visual,0.30737704899999996,4.333333333
11,gunpowder_NN,Visual,0.269230769,3.7058823530000002
12,foul_JJ,Visual,0.17826087,2.95
13,rot_VB,Visual,0.36082474200000003,4.0
14,tactile_JJ,Haptic,0.363636364,3.3529411760000003
15,taste_VB,Gustatory,0.428571429,4.647058824
16,taste_NN,Gustatory,0.428571429,4.647058824
17,burnt_JJ,Olfactory,0.241106719,4.166666667
18,stench_NN,Olfactory,0.857142857,4.941176471
19,odor_NN,Olfactory,0.51744186,4.65
20,aroma_NN,Olfactory,0.815789474,4.8947368419999995
21,incense_NN,Olfactory,0.48235294100000004,5.0
22,jasmine_NN,Olfactory,0.31891891899999997,3.388888889
23,nostril_NN,Visual,0.40268456399999997,3.529411765
24,scent_NN,Olfactory,0.671641791,4.6
25,teen_NN,Visual,0.41176470600000004,3.5
26,perfume_NN,Olfactory,0.559210526,5.0
27,stale_JJ,Gustatory,0.306603774,3.789473684
28,ether_NN,Olfactory,0.27972028,2.6842105259999998
29,smoky_JJ,Olfactory,0.374193548,3.8125
30,earthy_JJ,Visual,0.208737864,3.733333333
31,mildew_NN,Visual,0.487603306,3.277777778
32,rose_NN,Visual,0.32388664,4.473684211
33,fragrant_JJ,Olfactory,0.795698925,4.933333333
34,sweet_JJ,Gustatory,0.45731707299999996,4.1
35,cinnamon_NN,Gustatory,0.36416185,4.333333333
36,freshly_RB,Olfactory,0.181008902,2.59375
37,ammonia_NN,Olfactory,0.445026178,4.6
38,sour_JJ,Gustatory,0.43624161100000003,4.125
39,agreeable_JJ,Auditory,0.316129032,2.736842105
40,fragrance_NN,Olfactory,0.796116505,4.823529412
41,faintly_RB,Visual,0.283185841,2.0
42,intoxicate_VB,Interoceptive,0.318181818,3.733333333
43,sight_NN,Visual,0.785123967,5.0
44,damp_JJ,Haptic,0.40268456399999997,3.9375
45,permeate_VB,Visual,0.12413793099999999,2.4285714290000002
46,smoke_NN,Olfactory,0.372384937,4.380952381
47,curry_VB,Gustatory,0.330543933,4.421052632
48,entice_VB,Visual,0.22292993600000002,2.368421053
49,garlic_NN,Gustatory,0.290441176,4.823529412
50,emanate_VB,Visual,0.46846846799999997,3.0588235289999997
51,roasted_JJ,Gustatory,0.255,3.166666667
52,corps_NN,Visual,0.62244898,4.066666667
53,sweat_NN,Visual,0.331360947,3.5
54,faint_JJ,Visual,0.408163265,3.0
55,sniff_VB,Olfactory,0.308357349,3.257142857
56,touch_NN,Haptic,0.52,4.875
57,vanilla_NN,Gustatory,0.392344498,4.555555556
58,unpleasant_JJ,Interoceptive,0.136929461,3.588235294
59,touch_VB,Haptic,0.52,4.875
60,decay_VB,Visual,0.248780488,4.0625
61,linger_VB,Visual,0.34513274299999996,3.0625
62,sulfur_NN,Olfactory,0.476821192,4.277777778
63,nose_NN,Visual,0.291970803,4.2380952380000005
64,delicious_JJ,Gustatory,0.276679842,4.5
65,awful_JJ,Visual,0.140909091,2.722222222
66,breath_NN,Interoceptive,0.166951869,3.22372691
67,baked_JJ,Olfactory,0.237547893,4.058823529
68,pleasant_JJ,Visual,0.074324324,3.588235294
69,dirty_JJ,Visual,0.321888412,4.25
70,rat_NN,Visual,0.443037975,3.9444444439999997
71,urine_NN,Visual,0.243670886,4.1428571430000005
72,sound_VB,Auditory,0.7522123890000001,5.0
73,sensation_NN,Interoceptive,0.21789883300000001,4.315789474
74,chlorine_NN,Olfactory,0.510948905,4.055555556
75,horrible_JJ,Visual,0.15486725699999998,2.85
76,nasty_JJ,Visual,0.128133705,3.913043478
77,breeze_NN,Haptic,0.3875,3.5
78,strawberry_NN,Gustatory,0.302405498,4.6315789469999995
79,exhaust_NN,Visual,0.341614907,3.0555555560000003
80,chocolate_NN,Gustatory,0.25357142899999996,4.555555556
81,sound_NN,Auditory,0.7522123890000001,5.0
82,alcohol_NN,Gustatory,0.253787879,4.166666667
83,corpse_NN,Visual,0.494186047,4.722222222
84,soap_NN,Haptic,0.321428571,3.952380952
85,crisp_JJ,Haptic,0.21875,3.15
86,noisy_JJ,Auditory,0.658786939,4.752296444
87,keen_JJ,Visual,0.27777777800000003,2.529411765
88,fresh_JJ,Gustatory,0.209219858,4.176470588
89,mold_NN,Visual,0.470588235,3.823529412
90,coffee_NN,Gustatory,0.210355987,4.6111111110000005
91,flesh_NN,Haptic,0.217877095,4.038461538
92,marijuana_NN,Olfactory,0.24778761100000002,3.8125
93,sense_NN,Interoceptive,0.055172414,3.625
94,cook_VB,Olfactory,0.187943262,4.25
95,sock_NN,Haptic,0.394444444,4.1111111110000005
96,ripe_JJ,Visual,0.21799308,3.3181818180000002
97,flower_NN,Olfactory,0.284615385,4.3888888889999995
98,sensory_JJ,Visual,0.038011696,3.764705882
99,cooking_NN,Gustatory,0.136470588,4.476190476
100,funny_JJ,Auditory,0.289915966,4.1
101,clothes_NN,Visual,0.397379913,4.55
102,sewer_NN,Olfactory,0.386255924,4.146341463
103,hay_NN,Visual,0.324324324,3.777777778
104,spice_NN,Gustatory,0.338028169,4.714285714
105,cigar_NN,Olfactory,0.236220472,3.736842105
106,nasal_JJ,Auditory,0.288343558,2.526315789
107,wake_VB,Interoceptive,0.392045455,3.9444444439999997
108,garbage_NN,Visual,0.312,4.578947368
109,diesel_NN,Olfactory,0.36809816,4.333333333
110,drift_VB,Visual,0.463917526,3.214285714
111,flavor_NN,Gustatory,0.576208178,4.9375
112,emit_VB,Visual,0.36969697,3.421052632
113,hearing_NN,Auditory,0.745689655,4.6578947369999995
114,lovely_JJ,Visual,0.175213675,3.047619048
115,salt_NN,Gustatory,0.331632653,4.5
116,dirt_NN,Visual,0.33962264200000003,4.052631579
117,soup_NN,Gustatory,0.277591973,4.090909091
118,rubber_NN,Haptic,0.32888888899999996,4.052631579
119,burning_NN,Visual,0.18944099399999997,4.1578947369999995
120,wet_JJ,Haptic,0.266211604,4.5
121,cheese_NN,Gustatory,0.305825243,3.9375
122,liquor_NN,Gustatory,0.274247492,4.944444444
123,beer_NN,Gustatory,0.221864952,4.526315789
124,strange_JJ,Interoceptive,0.17412935300000001,2.789473684
125,bitter_JJ,Gustatory,0.39634146299999995,4.25
126,texture_NN,Haptic,0.426966292,4.263157895
127,leather_NN,Visual,0.35408560299999997,4.65
128,gasoline_NN,Olfactory,0.42564102600000003,4.15
129,apple_NN,Gustatory,0.288732394,4.833333333
130,burn_VB,Visual,0.249070632,3.8
131,manure_NN,Olfactory,0.409722222,3.588235294
132,tongue_NN,Visual,0.291139241,3.3636363639999995
133,cigarette_NN,Olfactory,0.211009174,4.421052632
134,pine_VB,Visual,0.349056604,4.3888888889999995
135,decay_NN,Visual,0.248780488,4.0625
136,bread_NN,Gustatory,0.27457627100000004,4.421052632
137,candle_NN,Visual,0.4,4.647058824
138,bathroom_NN,Visual,0.42342342299999997,4.7
139,wake_NN,Interoceptive,0.392045455,3.9444444439999997
140,odd_JJ,Visual,0.202531646,3.842105263
141,orange_NN,Gustatory,0.278481013,4.058823529
142,hair_NN,Visual,0.375,4.3888888889999995
143,bad_JJ,Visual,0.136752137,2.7
144,mud_NN,Visual,0.44047619,4.0
145,meat_NN,Gustatory,0.27027027,4.6315789469999995
146,feel_NN,Haptic,0.32673267300000003,4.705882353
147,offensive_JJ,Auditory,0.205,2.9444444439999997
148,dust_NN,Visual,0.433566434,4.0625
149,distinctive_JJ,Visual,0.201219512,2.882352941
150,grass_NN,Visual,0.314895578,4.411669064
151,air_NN,Haptic,0.27710843399999996,2.789473684
152,clean_JJ,Visual,0.367346939,4.6875
153,disturbance_NN,Auditory,0.297413793,3.789473684
154,dog_NN,Visual,0.24113475199999998,4.5882352939999995
155,fish_NN,Visual,0.284090909,4.470588235
156,chicken_NN,Gustatory,0.19938650300000002,4.0
157,characteristic_JJ,Visual,0.263157895,2.764705882
158,egg_NN,Gustatory,0.256302521,4.0625
159,strongly_RB,Visual,0.24770642199999998,2.266666667
160,dry_VB,Haptic,0.3,3.9
161,breathe_VB,Interoceptive,0.296803653,3.8
162,warm_JJ,Haptic,0.373056995,3.714285714
163,pot_NN,Visual,0.278606965,3.9444444439999997
164,notice_VB,Visual,0.445595855,4.227272727
165,paint_NN,Visual,0.402912621,4.35
166,ear_NN,Visual,0.330097087,3.833333333
167,terrible_JJ,Interoceptive,0.158208955,2.64516129
168,lobby_NN,Visual,0.485507246,3.777777778
169,sense_VB,Interoceptive,0.055172414,3.625
170,rank_NN,Visual,0.536842105,2.6842105259999998
171,laundry_NN,Visual,0.340807175,4.0
172,hydrogen_NN,Visual,0.290322581,0.5555555560000001
173,noise_NN,Auditory,0.616883117,5.0
174,kitchen_NN,Visual,0.36815920399999996,4.444444444
175,detect_VB,Visual,0.10725552099999999,3.842105263
176,consciousness_NN,Interoceptive,0.489959839,3.742857143
177,wonderful_JJ,Interoceptive,0.111486486,3.789473684
178,discharge_VB,Visual,0.348571429,3.578947368
179,hot_JJ,Haptic,0.30256410300000003,4.117647058999999
180,wine_NN,Gustatory,0.232954545,4.304347826
181,tobacco_NN,Visual,0.21739130399999998,3.764705882
182,thick_JJ,Haptic,0.41111111100000003,4.0
183,hear_VB,Auditory,0.8736842109999999,4.6111111110000005
184,overwhelming_JJ,Interoceptive,0.25,3.052631579
185,rain_NN,Visual,0.238493724,4.0625
186,yellow_JJ,Visual,0.757575758,4.5882352939999995
187,strong_JJ,Visual,0.247474747,2.947368421
188,mix_VB,Visual,0.408759124,3.111111111
189,brown_JJ,Visual,0.7414965990000001,4.384615385
190,hang_VB,Visual,0.423076923,3.894736842
191,gas_NN,Olfactory,0.416184971,3.619047619
192,hell_NN,Auditory,0.224637681,2.1875
193,evil_JJ,Visual,0.264550265,3.0
194,slight_JJ,Visual,0.297297297,1.857142857
195,earth_NN,Visual,0.3,4.333333333
196,mouth_NN,Visual,0.20588235300000002,2.947368421
197,tea_NN,Gustatory,0.267206478,4.647058824
198,wood_NN,Visual,0.365853659,4.263157895
199,mild_JJ,Gustatory,0.193717277,2.8
200,sharp_JJ,Haptic,0.34262948200000004,4.476190476
201,skin_NN,Haptic,0.36099585100000003,4.45
202,remind_VB,Auditory,0.277027027,2.736842105
203,oil_NN,Visual,0.266115702,3.1034482760000004
204,smoke_VB,Olfactory,0.372384937,4.380952381
205,apartment_NN,Visual,0.476821192,4.222222222
206,fill_VB,Visual,0.347826087,4.0
207,sea_NN,Visual,0.197841727,4.0
208,cat_NN,Visual,0.337121212,4.789473684
209,heavy_JJ,Haptic,0.404761905,3.3125
210,dress_VB,Visual,0.5,4.352941176
211,love_VB,Interoceptive,0.264,4.3888888889999995
212,chemical_NN,Olfactory,0.263157895,3.0555555560000003
213,impression_NN,Visual,0.283105023,3.7
214,color_NN,Visual,0.859903382,4.944444444
215,distinguish_VB,Visual,0.214285714,3.421052632
216,everywhere_RB,Visual,0.484615385,3.9375
217,distinct_JJ,Visual,0.252475248,4.117647058999999
218,horse_NN,Visual,0.334801762,4.647058824
219,milk_NN,Gustatory,0.265384615,4.666666667
220,plastic_NN,Visual,0.34583333299999997,4.526315789
221,complain_VB,Auditory,0.6124031010000001,3.95
222,nice_JJ,Visual,0.19496855300000002,2.529411765
223,shoe_NN,Visual,0.44134078200000004,4.3888888889999995
224,dark_JJ,Visual,0.77092511,4.684210526
225,cold_JJ,Haptic,0.336448598,4.1052631580000005
226,attract_VB,Visual,0.263157895,2.894736842
227,feel_VB,Haptic,0.32673267300000003,4.705882353
228,soft_JJ,Haptic,0.484848485,4.526315789
229,slightly_RB,Visual,0.158730159,1.6666666669999999
230,unusual_JJ,Visual,0.127868852,3.8
231,stuff_NN,Visual,0.23671497600000002,3.421052632
232,truck_NN,Visual,0.39285714299999996,4.277777778
233,finger_NN,Haptic,0.39473684200000003,4.1052631580000005
234,fluid_NN,Visual,0.212,3.9444444439999997
235,ocean_NN,Visual,0.19434629,4.294117647
236,close_RB,Visual,0.30516431899999996,3.842105263
237,foot_NN,Visual,0.44,4.1052631580000005
238,blood_NN,Visual,0.330434783,4.1578947369999995
239,cool_JJ,Haptic,0.4625,3.571428571
240,pretty_RB,Visual,0.632258065,5.0
241,room_NN,Visual,0.49685534600000003,3.95
242,leaf_NN,Visual,0.391891892,4.578947368
243,definitely_RB,Visual,0.304347826,2.166666667
244,bag_NN,Visual,0.4,4.441176471
245,cheap_JJ,Visual,0.396039604,2.8125
246,anything_NN,Auditory,0.072916667,3.210526316
247,fuel_NN,Olfactory,0.428571429,3.15
248,wind_NN,Haptic,0.42446043200000005,3.6875
249,fruit_NN,Gustatory,0.25239616600000003,4.6315789469999995
250,food_NN,Gustatory,0.166212534,4.578947368
251,decrease_VB,Visual,0.35714285700000004,3.052631579
252,human_NN,Visual,0.25589225600000004,4.722222222
253,rich_JJ,Visual,0.226244344,3.526315789
254,feeling_NN,Haptic,0.362745098,4.3888888889999995
255,eat_VB,Gustatory,0.210884354,4.526315789
256,familiar_JJ,Visual,0.088235294,3.0
257,vegetable_NN,Gustatory,0.278688525,4.176470588
258,spirit_NN,Interoceptive,0.446153846,2.761904762
259,green_JJ,Visual,0.848484848,4.473684211
260,recall_VB,Interoceptive,0.279411765,2.588235294
261,appearance_NN,Visual,0.7328244270000001,4.8
262,vision_NN,Visual,0.5928571429999999,4.736842105
263,catch_VB,Visual,0.450980392,4.058823529
264,shop_NN,Visual,0.424242424,3.842105263
265,could_MD,Interoceptive,0.288888889,1.6470588240000001
266,street_NN,Visual,0.47297297299999996,4.117647058999999
267,hide_VB,Visual,0.52173913,3.25
268,miss_VB,Visual,0.333333333,2.55
269,approach_VB,Visual,0.314685315,2.9444444439999997
270,sensitive_JJ,Interoceptive,0.318777293,3.8181818180000002
271,something_NN,Visual,0.051383399,2.882352941
272,stop_VB,Visual,0.459677419,3.5625
273,fire_NN,Visual,0.312302839,4.545454545
274,everything_NN,Visual,0.037333332999999996,4.057142857
275,speech_NN,Auditory,0.576388889,4.15
276,dry_JJ,Haptic,0.3,3.9
277,garden_NN,Visual,0.409836066,3.85
278,almost_RB,Visual,0.288135593,2.2941176469999998
279,guy_NN,Visual,0.322164948,4.333333333
280,somewhat_RB,Visual,0.27027027,1.625
281,substance_NN,Visual,0.18410041800000002,3.421052632
282,loss_NN,Interoceptive,0.35897435899999997,3.111111111
283,see_VB,Visual,0.927835052,5.0
284,bird_NN,Visual,0.361313869,4.12
285,beautiful_JJ,Visual,0.37391304299999994,4.571428571
286,metal_NN,Visual,0.367924528,4.421052632
287,sleep_VB,Interoceptive,0.46835443,3.523809524
288,neighbor_NN,Visual,0.5,4.375
289,morning_NN,Visual,0.373417722,3.588235294
290,dead_JJ,Visual,0.37037037,2.9444444439999997
291,death_NN,Visual,0.358851675,3.571428571
